Threshold,Shoulder,Elbow,Wrist
15,0.576923076923077,0.688585607940447,0.664532650448143
20,0.784119106699752,0.80893300248139,0.77336747759283
25,0.890818858560794,0.873449131513648,0.836107554417414
30,0.946650124069479,0.904466501240695,0.878361075544174
35,0.966501240694789,0.925558312655087,0.895006402048656
40,0.970223325062035,0.933002481389578,0.909090909090909
