Threshold,Shoulder,Elbow,Wrist
15,0.554590570719603,0.713399503722084,0.702944942381562
20,0.760545905707196,0.838709677419355,0.816901408450704
25,0.869727047146402,0.905707196029777,0.880921895006402
30,0.925558312655087,0.925558312655087,0.914212548015365
35,0.941687344913151,0.949131513647643,0.93213828425096
40,0.946650124069479,0.952853598014888,0.9449423815621
